Model,R2,RMSE,% within 1,% within 0.7,Max % within 1,Max % within 0.7
GPR,0.5302057150497779,0.8852189648711072,87.50707105454268,81.41516645644613,87.50707105454268,81.41516645644613
